Wavelength,PL
380,0
381,0.000530323
382,0
383,0.000473988
384,0.000101376
385,0
386,0.000764109
387,0
388,0
389,0.000867081
390,0
391,0
392,0.000216743
393,0
394,0
395,0.000283756
396,0
397,0
398,0.000180578
399,0.00052907
400, 0.000247246
401,0.000157115
402,0
403,0
404,0
405,0
406,0.000104852
407,0.00041264
408, 0.000503057
409,0.00013038
410, 0
411,0
412,0
413,0.000435495
414,0
415,0
416,0.0000446
417, 0
418,0
419,0
420,0.0000947
421, 3.06E-05
422, 0.00012413
423, 0.000717472
424,0.000199176
425,0
426,0
427,0
428,0.000168557
429,0.000688402
430,0.000119417
431,0
432,0
433,0
434,0
435,0.0000767
436, 2.57E-05
437, 0
438,0.0000461
439, 0
440,0
441,0.000143617
442,0.000180736
443,0.000140016
444,0
445,0.0000753
446, 2.72E-05
447, 0.000292677
448,0
449,0.000215425
450,0.0000657
451, 0
452,0.0000215
453, 0.000321296
454,0.0000915
455, 7.34E-05
456, 7.06E-05
457, 0
458,0.000397304
459,0.000393519
460,0.000305909
461,0.000614675
462,0.000516214
463,0.000391264
464,0.000311798
465,0.000400912
466,0.000402165
467,0.000486718
468,0.000502882
469,0.000696622
470,0.000672213
471,0.000632618
472,0.000736267
473,0.000617031
474,0.000451408
475,0.000780924
476,0.000933365
477,0.000751328
478,0.001038142
479,0.000886202
480,0.000666951
481,0.000530924
482,0.000690332
483,0.001055533
484,0.000732007
485,0.0009269
486,0.000857658
487,0.000990001
488,0.001159332
489,0.00086678
490, 0.000794757
491,0.000892893
492,0.001243033
493,0.001068489
494,0.00082305
495, 0.001184568
496,0.00117517
497, 0.000932663
498,0.001207974
499,0.001196672
500,0.001241755
501,0.001071722
502,0.00112713
503, 0.000999624
504,0.000877255
505,0.000923291
506,0.001146226
507,0.001126479
508,0.001223236
509,0.001516239
510,0.001077686
511,0.000936021
512,0.001057989
513,0.001250977
514,0.001164871
515,0.00110841
516, 0.000889635
517,0.000960831
518,0.001154646
519,0.001199303
520,0.001070419
521,0.001101118
522,0.001085681
523,0.001015512
524,0.001189304
525,0.001092798
526,0.001178002
527,0.000998246
528,0.001089114
529,0.000932338
530,0.000979902
531,0.000980027
532,0.00101233
533, 0.000975566
534,0.001021
535, 0.001038618
536,0.001123171
537,0.001138658
538,0.001377932
539,0.001251453
540,0.001240076
541,0.001296737
542,0.001210129
543,0.001313703
544,0.001539069
545,0.001324078
546,0.001098587
547,0.001453589
548,0.001757593
549,0.001989224
550,0.001963437
551,0.002303403
552,0.002498221
553,0.002869387
554,0.002971131
555,0.003356556
556,0.003721682
557,0.004357458
558,0.004793504
559,0.005298968
560,0.00599564
561, 0.006506365
562,0.007321572
563,0.008109212
564,0.008794106
565,0.009888482
566,0.011242482
567,0.012615527
568,0.013966018
569,0.015730754
570,0.017804731
571,0.019796261
572,0.022450381
573,0.02488347
574, 0.028295409
575,0.031816359
576,0.035547815
577,0.040239074
578,0.044782478
579,0.051027466
580,0.057675922
581,0.064782979
582,0.073117983
583,0.082222334
584,0.092887931
585,0.104122394
586,0.116557237
587,0.130493184
588,0.146278569
589,0.16325431
590, 0.181748697
591,0.201551223
592,0.223418705
593,0.246965217
594,0.270975341
595,0.2985415
596,0.325756816
597,0.355252606
598,0.386126704
599,0.417652366
600,0.451533681
601,0.484086808
602,0.518719928
603,0.553503408
604,0.58848737
605, 0.622293504
606,0.656625902
607,0.690231556
608,0.72218324
609, 0.752681435
610,0.782001804
611,0.810219527
612,0.837259423
613,0.861893545
614,0.884873697
615,0.90627506
616, 0.923792101
617,0.940306736
618,0.955117281
619,0.967321572
620,0.977320569
621,0.98438753
622, 0.990376905
623,0.995088212
624,0.997544106
625,1
626,0.99834603
627, 0.994060746
628,0.99137931
629, 0.987043905
630,0.981179832
631,0.975015036
632,0.966795309
633,0.959352446
634,0.948902366
635,0.938452285
636,0.929029671
637,0.920283681
638,0.90790397
639, 0.896075581
640,0.886101644
641,0.875325782
642,0.864224138
643,0.854325381
644,0.843098436
645,0.832999198
646,0.824553929
647,0.811347233
648,0.800771852
649,0.791048516
650,0.780974338
651,0.773255814
652,0.765111267
653,0.75513733
654, 0.747293504
655,0.738021251
656,0.731781275
657,0.724563953
658,0.716294106
659,0.709252205
660,0.701984763
661,0.695218524
662,0.690206496
663,0.683064354
664,0.676122694
665,0.670484162
666,0.663066359
667,0.655523256
668,0.650661588
669,0.64236668
670, 0.634673216
671,0.628257819
672,0.62149158
673, 0.614299318
674,0.606731155
675,0.598787089
676,0.592622294
677,0.585379912
678,0.577009824
679,0.56939154
680, 0.561522654
681,0.554280273
682,0.545033079
683,0.538893344
684,0.529621091
685,0.520223536
686,0.511377306
687,0.503884322
688,0.496641941
689,0.488697875
690,0.479525862
691,0.469902767
692,0.461432438
693,0.454089816
694,0.445494186
695,0.436673015
696,0.429029671
697,0.421286087
698,0.412540096
699,0.40617482
700, 0.397478949
701,0.38893344
702, 0.381114675
703,0.373671812
704,0.365627506
705,0.3577085
706,0.351443464
707,0.343273857
708,0.335956295
709,0.3297915
710,0.323225742
711,0.316685044
712,0.309167001
713,0.302400762
714,0.29686247
715, 0.290271652
716,0.283630714
717,0.278969527
718,0.273230754
719,0.266790297
720,0.260750802
721,0.256615878
722,0.251879511
723,0.247215818
724,0.242522053
725,0.238219226
726,0.233811147
727,0.229362971
728,0.223842221
729,0.219266239
730,0.214968424
731,0.20909182
732, 0.206189856
733,0.202904471
734,0.199481255
735,0.196559242
736,0.193030774
737,0.18855002
738, 0.185908681
739,0.182014334
740,0.177942061
741,0.172955092
742,0.171078087
743,0.167980654
744,0.164702787
745,0.160735766
746,0.157132117
747,0.15527516
748, 0.153079892
749,0.148371091
750,0.146536688
751,0.143474338
752,0.140344326
753,0.138078889
754,0.134690758
755,0.131698577
756,0.129114876
757,0.126596331
758,0.123601644
759,0.121203388
760,0.118572073
761,0.116832899
762,0.115043605
763,0.11247494
764, 0.110367382
765,0.10764585
766, 0.104738873
767,0.102749098
768,0.102077486
769,0.098782077
770,0.097313553
771,0.0940833
772,0.092795209
773,0.091419407
774,0.088815658
775,0.086359763
776,0.084161989
777,0.084475241
778,0.081831395
779,0.079809042
780,0.077363172
