Wavelength,target
350,1.74E-75
351,6.01E-75
352,2.07E-74
353,7.11E-74
354,2.43E-73
355,8.24E-73
356,2.80E-72
357,9.44E-72
358,3.17E-71
359,1.06E-70
360,3.53E-70
361,1.17E-69
362,3.86E-69
363,1.26E-68
364,4.14E-68
365,1.34E-67
366,4.36E-67
367,1.41E-66
368,4.52E-66
369,1.45E-65
370,4.60E-65
371,1.46E-64
372,4.59E-64
373,1.44E-63
374,4.51E-63
375,1.41E-62
376,4.35E-62
377,1.34E-61
378,4.13E-61
379,1.26E-60
380,3.84E-60
381,1.17E-59
382,3.51E-59
383,1.06E-58
384,3.16E-58
385,9.36E-58
386,2.78E-57
387,8.24E-57
388,2.42E-56
389,7.06E-56
390,2.06E-55
391,5.97E-55
392,1.72E-54
393,4.95E-54
394,1.42E-53
395,4.03E-53
396,1.14E-52
397,3.22E-52
398,9.04E-52
399,2.54E-51
400,7.07E-51
401,1.96E-50
402,5.42E-50
403,1.49E-49
404,4.07E-49
405,1.11E-48
406,3.01E-48
407,8.16E-48
408,2.18E-47
409,5.84E-47
410,1.56E-46
411,4.13E-46
412,1.09E-45
413,2.86E-45
414,7.50E-45
415,1.96E-44
416,5.07E-44
417,1.31E-43
418,3.37E-43
419,8.64E-43
420,2.20E-42
421,5.58E-42
422,1.41E-41
423,3.54E-41
424,8.88E-41
425,2.22E-40
426,5.49E-40
427,1.36E-39
428,3.34E-39
429,8.16E-39
430,1.99E-38
431,4.83E-38
432,1.17E-37
433,2.81E-37
434,6.73E-37
435,1.61E-36
436,3.81E-36
437,8.96E-36
438,2.12E-35
439,4.96E-35
440,1.16E-34
441,2.69E-34
442,6.20E-34
443,1.42E-33
444,3.27E-33
445,7.46E-33
446,1.70E-32
447,3.82E-32
448,8.64E-32
449,1.93E-31
450,4.30E-31
451,9.52E-31
452,2.11E-30
453,4.65E-30
454,1.02E-29
455,2.22E-29
456,4.82E-29
457,1.04E-28
458,2.25E-28
459,4.82E-28
460,1.02E-27
461,2.18E-27
462,4.62E-27
463,9.68E-27
464,2.04E-26
465,4.25E-26
466,8.80E-26
467,1.82E-25
468,3.76E-25
469,7.70E-25
470,1.58E-24
471,3.19E-24
472,6.46E-24
473,1.30E-23
474,2.61E-23
475,5.21E-23
476,1.03E-22
477,2.05E-22
478,4.03E-22
479,7.90E-22
480,1.54E-21
481,3.00E-21
482,5.80E-21
483,1.12E-20
484,2.14E-20
485,4.09E-20
486,7.78E-20
487,1.47E-19
488,2.78E-19
489,5.20E-19
490,9.68E-19
491,1.81E-18
492,3.34E-18
493,6.15E-18
494,1.13E-17
495,2.06E-17
496,3.74E-17
497,6.78E-17
498,1.22E-16
499,2.19E-16
500,3.92E-16
501,6.97E-16
502,1.23E-15
503,2.18E-15
504,3.82E-15
505,6.66E-15
506,1.16E-14
507,2.01E-14
508,3.46E-14
509,5.93E-14
510,1.02E-13
511,1.72E-13
512,2.92E-13
513,4.92E-13
514,8.24E-13
515,1.38E-12
516,2.30E-12
517,3.80E-12
518,6.26E-12
519,1.03E-11
520,1.68E-11
521,2.74E-11
522,4.42E-11
523,7.14E-11
524,1.14E-10
525,1.83E-10
526,2.91E-10
527,4.62E-10
528,7.28E-10
529,1.14E-09
530,1.78E-09
531,2.78E-09
532,4.31E-09
533,6.65E-09
534,1.02E-08
535,1.56E-08
536,2.38E-08
537,3.60E-08
538,5.42E-08
539,8.16E-08
540,1.22E-07
541,1.82E-07
542,2.69E-07
543,3.97E-07
544,5.82E-07
545,8.48E-07
546,1.24E-06
547,1.80E-06
548,2.59E-06
549,3.73E-06
550,5.33E-06
551,7.58E-06
552,1.07E-05
553,1.52E-05
554,2.13E-05
555,2.98E-05
556,4.15E-05
557,5.75E-05
558,7.94E-05
559,1.09E-04
560,1.50E-04
561,2.03E-04
562,2.76E-04
563,3.72E-04
564,5.00E-04
565,6.69E-04
566,8.88E-04
567,1.18E-03
568,1.56E-03
569,2.05E-03
570,2.68E-03
571,3.50E-03
572,4.54E-03
573,5.86E-03
574,7.53E-03
575,9.60E-03
576,1.22E-02
577,1.56E-02
578,1.97E-02
579,2.47E-02
580,3.10E-02
581,3.86E-02
582,4.78E-02
583,5.90E-02
584,7.26E-02
585,8.88E-02
586,1.08E-01
587,1.31E-01
588,1.58E-01
589,1.91E-01
590,2.29E-01
591,2.72E-01
592,3.23E-01
593,3.82E-01
594,4.49E-01
595,5.26E-01
596,6.13E-01
597,7.11E-01
598,8.24E-01
599,9.44E-01
600,1.08E+00
601,1.23E+00
602,1.40E+00
603,1.58E+00
604,1.78E+00
605,1.99E+00
606,2.22E+00
607,2.47E+00
608,2.73E+00
609,3.00E+00
610,3.29E+00
611,3.58E+00
612,3.90E+00
613,4.21E+00
614,4.53E+00
615,4.86E+00
616,5.18E+00
617,5.50E+00
618,5.81E+00
619,6.11E+00
620,6.41E+00
621,6.68E+00
622,6.94E+00
623,7.18E+00
624,7.38E+00
625,7.57E+00
626,7.72E+00
627,7.84E+00
628,7.93E+00
629,7.98E+00
630,8.00E+00
631,7.98E+00
632,7.93E+00
633,7.84E+00
634,7.72E+00
635,7.57E+00
636,7.38E+00
637,7.18E+00
638,6.94E+00
639,6.68E+00
640,6.41E+00
641,6.11E+00
642,5.81E+00
643,5.50E+00
644,5.18E+00
645,4.86E+00
646,4.53E+00
647,4.21E+00
648,3.90E+00
649,3.58E+00
650,3.29E+00
651,3.00E+00
652,2.73E+00
653,2.47E+00
654,2.22E+00
655,1.99E+00
656,1.78E+00
657,1.58E+00
658,1.40E+00
659,1.23E+00
660,1.08E+00
661,9.44E-01
662,8.24E-01
663,7.11E-01
664,6.13E-01
665,5.26E-01
666,4.49E-01
667,3.82E-01
668,3.23E-01
669,2.72E-01
670,2.29E-01
671,1.91E-01
672,1.58E-01
673,1.31E-01
674,1.08E-01
675,8.88E-02
676,7.26E-02
677,5.90E-02
678,4.78E-02
679,3.86E-02
680,3.10E-02
681,2.47E-02
682,1.97E-02
683,1.56E-02
684,1.22E-02
685,9.60E-03
686,7.53E-03
687,5.86E-03
688,4.54E-03
689,3.50E-03
690,2.68E-03
691,2.05E-03
692,1.56E-03
693,1.18E-03
694,8.88E-04
695,6.69E-04
696,5.00E-04
697,3.72E-04
698,2.76E-04
699,2.03E-04
700,1.50E-04
701,1.09E-04
702,7.94E-05
703,5.75E-05
704,4.15E-05
705,2.98E-05
706,2.13E-05
707,1.52E-05
708,1.07E-05
709,7.58E-06
710,5.33E-06
711,3.73E-06
712,2.59E-06
713,1.80E-06
714,1.24E-06
715,8.48E-07
716,5.82E-07
717,3.97E-07
718,2.69E-07
719,1.82E-07
720,1.22E-07
721,8.16E-08
722,5.42E-08
723,3.60E-08
724,2.38E-08
725,1.56E-08
726,1.02E-08
727,6.65E-09
728,4.31E-09
729,2.78E-09
730,1.78E-09
731,1.14E-09
732,7.28E-10
733,4.62E-10
734,2.91E-10
735,1.83E-10
736,1.14E-10
737,7.14E-11
738,4.42E-11
739,2.74E-11
740,1.68E-11
741,1.03E-11
742,6.26E-12
743,3.80E-12
744,2.30E-12
745,1.38E-12
746,8.24E-13
747,4.92E-13
748,2.92E-13
749,1.72E-13
750,1.02E-13
751,5.93E-14
752,3.46E-14
753,2.01E-14
754,1.16E-14
755,6.66E-15
756,3.82E-15
757,2.18E-15
758,1.23E-15
759,6.97E-16
760,3.92E-16
761,2.19E-16
762,1.22E-16
763,6.78E-17
764,3.74E-17
765,2.06E-17
766,1.13E-17
767,6.15E-18
768,3.34E-18
769,1.81E-18
770,9.68E-19
771,5.20E-19
772,2.78E-19
773,1.47E-19
774,7.78E-20
775,4.09E-20
776,2.14E-20
777,1.12E-20
778,5.80E-21
779,3.00E-21
780,1.54E-21
781,7.90E-22
782,4.03E-22
783,2.05E-22
784,1.03E-22
785,5.21E-23
786,2.61E-23
787,1.30E-23
788,6.46E-24
789,3.19E-24
790,1.58E-24
791,7.70E-25
792,3.76E-25
793,1.82E-25
794,8.80E-26
795,4.25E-26
796,2.04E-26
797,9.68E-27
798,4.62E-27
799,2.18E-27
800,1.02E-27
801,4.82E-28
802,2.25E-28
803,1.04E-28
804,4.82E-29
805,2.22E-29
806,1.02E-29
807,4.65E-30
808,2.11E-30
809,9.52E-31
810,4.30E-31
811,1.93E-31
812,8.64E-32
813,3.82E-32
814,1.70E-32
815,7.46E-33
816,3.27E-33
817,1.42E-33
818,6.20E-34
819,2.69E-34
820,1.16E-34
821,4.96E-35
822,2.12E-35
823,8.96E-36
824,3.81E-36
825,1.61E-36
826,6.73E-37
827,2.81E-37
828,1.17E-37
829,4.83E-38
830,1.99E-38
831,8.16E-39
832,3.34E-39
833,1.36E-39
834,5.49E-40
835,2.22E-40
836,8.88E-41
837,3.54E-41
838,1.41E-41
839,5.58E-42
840,2.20E-42
841,8.64E-43
842,3.37E-43
843,1.31E-43
844,5.07E-44
845,1.96E-44
846,7.50E-45
847,2.86E-45
848,1.09E-45
849,4.13E-46
850,1.56E-46
