Wavelength,n,k
194 ,1.442206 ,0.403976 
195 , 1.436341, 0.404579333
196 , 1.429956667,0.406576 
197 ,1.423257 ,0.410070 
198 ,1.416463 ,0.415143 
199 ,1.409815 ,0.421855 
200 ,1.403577 , 0.430238
201 , 1.398032667, 0.440289
202 ,1.393487 , 0.451963667
203 ,1.390264 ,0.465164 
204 , 1.388695, 0.479729
205 , 1.389111, 0.495417667
206 , 1.391823,0.511901 
207 , 1.397094, 0.528757667
208 , 1.405108,0.545469 
209 , 1.415936, 0.561437667
210 , 1.429498667,0.576011 
211 ,1.445539 ,0.588529 
212 ,1.463608 , 0.598376333
213 ,1.483077 ,0.605051 
214 , 1.503169667,0.608229 
215 ,1.523027 ,0.607808 
216 ,1.541780 , 0.603932
217 ,1.558641 , 0.596977333
218 , 1.572963,0.587513 
219 , 1.584291333,0.576233 
220 ,1.592377 ,0.563885 
221 ,1.597161 , 0.551210333
222 ,1.598743 ,0.538892 
223 , 1.597346333,0.527530 
224 ,1.593274 ,0.517631 
225 ,1.586880 ,0.509615 
226 ,1.578551 ,0.503822 
227 ,1.568691 ,0.500527 
228 , 1.557719,0.499947 
229 , 1.546071333,0.502250 
230 ,1.534204 ,0.507555 
231 , 1.522592667,0.515924 
232 ,1.511733 ,0.527358 
233 , 1.502133333, 0.541779667
234 ,1.494301 ,0.559030 
235 ,1.488726 ,0.578860 
236 ,1.485852 ,0.600927 
237 , 1.486063333,0.624813 
238 ,1.489657 ,0.650034 
239 ,1.496831 ,0.676070 
240 , 1.507684,0.702391 
241 , 1.522221667, 0.728488
242 ,1.540374 , 0.753895
243 , 1.562021667, 0.778204667
244 ,1.587027 ,0.801075 
245 ,1.615269 , 0.822220667
246 ,1.646677 ,0.841395 
247 ,1.681259 , 0.858349333
248 ,1.719128 ,0.872774 
249 ,1.760501 ,0.884211 
250 ,1.805657 ,0.891936 
251 , 1.854814, 0.894821333
252 , 1.907881,0.891224 
253 , 1.964044333,0.879005 
254 ,2.021257 , 0.855875667
255 , 2.075911667,0.820222 
256 ,2.123195 , 0.77229
257 , 2.158459667,0.715006 
258 ,2.179063 ,0.653526 
259 ,2.185367 ,0.593465 
260 ,2.180159 ,0.539041 
261 , 2.167157667,0.492295 
262 ,2.149732 ,0.453446 
263 ,2.130337 ,0.421680 
264 , 2.110505333,0.395824 
265 ,2.091082 ,0.374737 
266 ,2.072475 , 0.357467333
267 ,2.054849 ,0.343280 
268 ,2.038248 ,0.331631 
269 , 2.022678,0.322120 
270 , 2.008143333,0.314453 
271 ,1.994687 ,0.308402 
272 ,1.982455 ,0.303621 
273 , 1.971194667,0.299719 
274 ,1.960742 , 0.296683667
275 , 1.951076667,0.294486 
276 ,1.942217 ,0.293068 
277 , 1.934193333, 0.292353333
278 ,1.927037 ,0.292249 
279 ,1.920775 , 0.292649667
280 ,1.915419 ,0.293441 
281 , 1.910971,0.294504 
282 , 1.907415333, 0.29572
283 ,1.904719 ,0.296972 
284 , 1.902834667,0.298152 
285 ,1.901699 ,0.299158 
286 ,1.901238 ,0.299907 
287 ,1.901366 ,0.300327 
288 , 1.901994333, 0.300366
289 ,1.903029 , 0.299989
290 , 1.904382, 0.299179
291 , 1.905967333, 0.297933667
292 ,1.907711 ,0.296266 
293 ,1.909550 ,0.294199 
294 ,1.911433 ,0.291762 
295 ,1.913327 ,0.288984 
296 , 1.915206333, 0.285894333
297 ,1.917060 ,0.282515 
298 ,1.918883 , 0.278858667
299 , 1.920671,0.274925 
300 , 1.922418667,0.270705 
301 ,1.924112 , 0.266176667
302 , 1.925724,0.261314 
303 , 1.927212667,0.256089 
304 ,1.928520 ,0.250482 
305 ,1.929572 , 0.244482333
306 ,1.930287 ,0.238099 
307 ,1.930575 ,0.231365 
308 ,1.930355 ,0.224332 
309 , 1.929548,0.217078 
310 , 1.928095333,0.209701 
311 ,1.925964 , 0.202316
312 ,1.923146 , 0.195043667
313 , 1.919663667,0.188003 
314 ,1.915565 ,0.181305 
315 ,1.910919 ,0.175045 
316 , 1.905814,0.169298 
317 , 1.900347,0.164118 
318 , 1.894620333,0.159532 
319 ,1.888733 ,0.155548 
320 ,1.882780 ,0.152155 
321 ,1.876844 ,0.149321 
322 , 1.870994333, 0.147005667
323 ,1.865287 ,0.145159 
324 ,1.859764 , 0.143726667
325 , 1.854451333,0.142653 
326 ,1.849365 ,0.141885 
327 , 1.84451,0.141376 
328 ,1.839883 , 0.141082
329 ,1.835476 , 0.140967333
330 ,1.831277 ,0.141004 
331 ,1.827273 ,0.141169 
332 ,1.823449 ,0.141447 
333 , 1.819795667,0.141826 
334 ,1.816303 ,0.142299 
335 , 1.812964667, 0.142860333
336 ,1.809778 ,0.143505 
337 ,1.806744 ,0.144230 
338 ,1.803863 ,0.145029 
339 , 1.801140333,0.145894 
340 ,1.798581 ,0.146815 
341 ,1.796190 ,0.147779 
342 ,1.793970 ,0.148772 
343 ,1.791924 ,0.149773 
344 , 1.790051,0.150764 
345 , 1.788346667,0.151723 
346 ,1.786802 , 0.152628
347 , 1.785404667, 0.153456
348 ,1.784139 , 0.154188
349 ,1.782984 , 0.154805
350 ,1.781915 , 0.155291667
351 ,1.780907 ,0.155638 
352 ,1.779930 ,0.155834 
353 ,1.778953 ,0.155880 
354 , 1.777946667,0.155778 
355 ,1.776880 , 0.155534333
356 ,1.775725 ,0.155162 
357 ,1.774452 ,0.154676 
358 ,1.773040 ,0.154099 
359 ,1.771466 , 0.153453333
360 ,1.769713 ,0.152767 
361 , 1.767767667,0.152067 
362 ,1.765621 , 0.151385
363 ,1.763269 , 0.150752667
364 , 1.760709667,0.150201 
365 ,1.757948 ,0.149761 
366 ,1.754990 ,0.149462 
367 ,1.751846 , 0.149335
368 ,1.748532 , 0.149405667
369 , 1.745064,0.149700 
370 , 1.741461667,0.150240 
371 ,1.737747 ,0.151047 
372 , 1.733943333, 0.15214
373 ,1.730076 ,0.153533 
374 ,1.726173 , 0.15524
375 , 1.722259333,0.157271 
376 ,1.718365 ,0.159634 
377 ,1.714519 ,0.162335 
378 , 1.710750333,0.165374 
379 ,1.707088 , 0.168754333
380 ,1.703561 ,0.172471 
381 , 1.700200333, 0.176521
382 ,1.697033 , 0.180896667
383 , 1.694089,0.185588 
384 , 1.691395333,0.190583 
385 ,1.688979 ,0.195866 
386 , 1.686867,0.201423 
387 , 1.685083,0.207232 
388 , 1.683650333,0.213274 
389 ,1.682592 , 0.219524667
390 ,1.681927 ,0.225959 
391 , 1.681675333,0.232550 
392 ,1.681855 ,0.239264 
393 , 1.682475333,0.246066 
394 ,1.683542 ,0.252926 
395 ,1.685058 , 0.259812667
396 , 1.687027667,0.266694 
397 ,1.689451 ,0.273539 
398 , 1.692325333,0.280318 
399 ,1.695647 ,0.286999 
400 ,1.699407 ,0.293552 
401 ,1.703598 ,0.299949 
402 ,1.708208 , 0.306161333
403 ,1.713222 ,0.312163 
404 , 1.718625, 0.317930667
405 , 1.7244,0.323440 
406 , 1.73053,0.328672 
407 ,1.736995 , 0.333607667
408 ,1.743777 ,0.338230 
409 , 1.750854,0.342524 
410 , 1.758207667,0.346478 
411 ,1.765819 ,0.350079 
412 ,1.773667 , 0.353318667
413 ,1.781735 ,0.356188 
414 ,1.790004 ,0.358681 
415 ,1.798459 ,0.360788 
416 ,1.807083 ,0.362506 
417 ,1.815862 ,0.363827 
418 , 1.824782,0.364745 
419 , 1.83383,0.365253 
420 ,1.842993 , 0.365343
421 ,1.852260 , 0.365005333
422 ,1.861617 ,0.364229 
423 ,1.871053 ,0.363001 
424 ,1.880551 , 0.361307333
425 ,1.890097 ,0.359130 
426 ,1.899670 ,0.356452 
427 ,1.909248 ,0.353252 
428 ,1.918804 ,0.349508 
429 ,1.928305 , 0.3452
430 , 1.937713333, 0.340307
431 ,1.946985 , 0.33481
432 ,1.956067 ,0.328694 
433 ,1.964904 ,0.321948 
434 ,1.973430 ,0.314572 
435 ,1.981577 ,0.306569 
436 ,1.989273 ,0.297958 
437 ,1.996445 , 0.288767
438 , 2.003019333, 0.279037
439 ,2.008928 , 0.268823667
440 ,2.014110 ,0.258194 
441 ,2.018514 , 0.247226
442 ,2.022100 , 0.236007
443 ,2.024843 , 0.224631333
444 , 2.026734667,0.213196 
445 ,2.027781 ,0.201799 
446 , 2.028003,0.190534 
447 , 2.027437,0.179487 
448 , 2.026129667,0.168738 
449 ,2.024139 ,0.158356 
450 ,2.021528 , 0.148396667
451 , 2.018366333,0.138905 
452 ,2.014723 ,0.129913 
453 , 2.010669,0.121443 
454 , 2.006272,0.113506 
455 , 2.001597,0.106104 
456 , 1.996703333, 0.099232667
457 ,1.991647 ,0.092880 
458 ,1.986477 ,0.087030 
459 ,1.981237 ,0.081663 
460 , 1.975967,0.076756 
461 , 1.970700667,0.072286 
462 ,1.965466 ,0.068226 
463 ,1.960290 ,0.064553 
464 ,1.955191 ,0.061240 
465 ,1.950187 ,0.058263 
466 , 1.945294333,0.055598 
467 ,1.940524 ,0.053223 
468 , 1.935886333,0.051114 
469 ,1.931390 ,0.049254 
470 ,1.927044 ,0.047621 
471 , 1.922854667,0.046198 
472 ,1.918831 ,0.044967 
473 ,1.914987 , 0.043913
474 ,1.911355 , 0.043008667
475 , 1.907923667,0.042170 
476 ,1.904643 ,0.041383 
477 , 1.901492667,0.040645 
478 ,1.898459 , 0.039954333
479 ,1.895531 ,0.039309 
480 ,1.892701 ,0.038705 
481 ,1.889962 ,0.038142 
482 ,1.887311 , 0.037616667
483 , 1.884740667,0.037127 
484 ,1.882248 ,0.036671 
485 , 1.879829,0.036247 
486 , 1.87748,0.035851 
487 ,1.875198 ,0.035484 
488 ,1.872981 ,0.035142 
489 ,1.870826 ,0.034824 
490 ,1.868729 , 0.034528333
491 , 1.866689667,0.034254 
492 ,1.864705 , 0.033998
493 ,1.862773 , 0.033760333
494 ,1.860891 ,0.033539 
495 ,1.859058 ,0.033334 
496 ,1.857272 ,0.033142 
497 ,1.855530 ,0.032963 
498 ,1.853833 ,0.032796 
499 ,1.852176 ,0.032641 
500 ,1.850561 , 0.032495667
501 ,1.848983 ,0.032359 
502 ,1.847444 ,0.032232 
503 ,1.845940 ,0.032112 
504 ,1.844471 ,0.032000 
505 ,1.843035 ,0.031894 
506 ,1.841631 ,0.031794 
507 , 1.840258,0.031699 
508 , 1.838915333, 0.03161
509 ,1.837601 ,0.031525 
510 ,1.836315 , 0.031444667
511 ,1.835056 ,0.031368 
512 ,1.833822 , 0.031294667
513 , 1.832613333,0.031225 
514 ,1.831429 ,0.031158 
515 ,1.830267 ,0.031093 
516 ,1.829128 ,0.031031 
517 ,1.828011 ,0.030971 
518 , 1.826914667,0.030914 
519 ,1.825839 , 0.030857667
520 ,1.824782 ,0.030804 
521 , 1.823744333,0.030751 
522 ,1.822725 , 0.030699333
523 , 1.821723,0.030650 
524 , 1.820738667,0.030601 
525 ,1.819770 , 0.030553333
526 ,1.818818 ,0.030507 
527 ,1.817882 ,0.030461 
528 , 1.816960333, 0.030416667
529 ,1.816054 ,0.030373 
530 , 1.815161333,0.030330 
531 ,1.814283 ,0.030287 
532 ,1.813417 ,0.030245 
533 ,1.812565 ,0.030205 
534 ,1.811725 ,0.030164 
535 , 1.810897667, 0.030124333
536 ,1.810082 ,0.030085 
537 , 1.809277667,0.030046 
538 ,1.808485 ,0.030008 
539 , 1.807703333,0.029971 
540 ,1.806932 ,0.029933 
541 ,1.806171 ,0.029897 
542 , 1.805420667,0.029861 
543 ,1.804680 ,0.029825 
544 ,1.803949 ,0.029790 
545 ,1.803227 ,0.029755 
546 , 1.802514,0.029721 
547 , 1.801810667, 0.029687333
548 ,1.801116 ,0.029654 
549 ,1.800429 ,0.029621 
550 ,1.799751 , 0.029588
551 ,1.799081 , 0.029556
552 ,1.798419 , 0.029524333
553 ,1.797765 ,0.029493 
554 ,1.797119 ,0.029462 
555 ,1.796480 ,0.029432 
556 ,1.795848 ,0.029402 
557 ,1.795223 ,0.029372 
558 , 1.794605333,0.029343 
559 ,1.793994 , 0.029314667
560 ,1.793390 ,0.029286 
561 ,1.792792 , 0.029258333
562 ,1.792201 ,0.029231 
563 ,1.791616 ,0.029204 
564 , 1.791037667,0.029177 
565 ,1.790465 , 0.029151
566 , 1.789898333, 0.029125333
567 ,1.789338 ,0.029100 
568 ,1.788783 , 0.029075333
569 ,1.788233 ,0.029051 
570 , 1.787688667,0.029027 
571 ,1.787150 , 0.029003
572 ,1.786617 , 0.028979667
573 , 1.786089333,0.028957 
574 ,1.785566 , 0.028934667
575 ,1.785049 ,0.028912 
576 , 1.784536,0.028891 
577 , 1.784028,0.028870 
578 , 1.783525,0.028849 
579 , 1.783027,0.028828 
580 , 1.782533333, 0.028808667
581 ,1.782044 ,0.028788 
582 ,1.781559 ,0.028769 
583 ,1.781079 ,0.028750 
584 ,1.780603 ,0.028732 
585 ,1.780132 ,0.028714 
586 , 1.779665,0.028696 
587 , 1.779201667, 0.028678333
588 ,1.778742 ,0.028661 
589 ,1.778287 ,0.028644 
590 ,1.777836 ,0.028628 
591 ,1.777389 , 0.028612333
592 , 1.776945667,0.028596 
593 ,1.776506 ,0.028581 
594 ,1.776070 , 0.028566333
595 ,1.775638 ,0.028552 
596 ,1.775209 ,0.028538 
597 , 1.774784,0.028523 
598 , 1.774362667,0.028510 
599 ,1.773945 ,0.028497 
600 ,1.773530 , 0.028484
601 ,1.773119 , 0.028471333
602 ,1.772711 ,0.028460 
603 ,1.772306 ,0.028447 
604 , 1.771904667,0.028436 
605 ,1.771506 ,0.028425 
606 ,1.771111 , 0.028414333
607 , 1.770719,0.028404 
608 , 1.77033,0.028394 
609 ,1.769944 ,0.028384 
610 , 1.769561, 0.028374333
611 , 1.769181,0.028365 
612 , 1.768803667, 0.028356
613 ,1.768429 , 0.028347667
614 ,1.768058 ,0.028339 
615 , 1.767689333,0.028332 
616 ,1.767324 ,0.028324 
617 ,1.766960 , 0.028316667
618 ,1.766600 ,0.028310 
619 , 1.766242,0.028303 
620 , 1.765886667, 0.028296667
621 ,1.765534 ,0.028290 
622 , 1.765184,0.028285 
623 , 1.764836667,0.028279 
624 ,1.764492 ,0.028274 
625 ,1.764149 , 0.028269333
626 ,1.763809 ,0.028264 
627 ,1.763471 , 0.028259667
628 , 1.763135667,0.028256 
629 ,1.762803 , 0.028251667
630 ,1.762472 ,0.028248 
631 , 1.762143667,0.028246 
632 ,1.761817 ,0.028242 
633 ,1.761494 ,0.028240 
634 , 1.761172,0.028237 
635 , 1.760852333, 0.028235
636 ,1.760535 , 0.028233
637 ,1.760220 , 0.028231667
638 ,1.759907 ,0.028230 
639 ,1.759596 ,0.028229 
640 ,1.759287 ,0.028228 
641 ,1.758981 , 0.028227333
642 ,1.758676 ,0.028227 
643 ,1.758373 ,0.028227 
644 ,1.758073 , 0.028227
645 ,1.757774 , 0.028227667
646 ,1.757477 ,0.028228 
647 ,1.757182 , 0.028229
648 ,1.756889 , 0.02823
649 , 1.756598,0.028231 
650 , 1.756308667, 0.028232667
651 ,1.756021 ,0.028235 
652 , 1.755735667,0.028236 
653 ,1.755452 ,0.028239 
654 , 1.75517, 0.028241333
655 ,1.754890 ,0.028244 
656 ,1.754611 , 0.028247
657 , 1.754334667, 0.02825
658 ,1.754059 ,0.028253 
659 ,1.753786 ,0.028257 
660 , 1.753514667, 0.028261
661 ,1.753245 , 0.028264667
662 ,1.752976 ,0.028269 
663 , 1.752709333, 0.028273333
664 ,1.752444 ,0.028278 
665 ,1.752181 ,0.028283 
666 , 1.751919333, 0.028288
667 ,1.751659 , 0.028293
668 ,1.751400 , 0.028298667
669 , 1.751143,0.028304 
670 , 1.750887333, 0.02831
671 ,1.750633 ,0.028316 
672 , 1.750380333, 0.028322333
673 ,1.750129 ,0.028329 
674 , 1.749879333,0.028335 
675 ,1.749631 ,0.028342 
676 ,1.749384 , 0.028349
677 , 1.749138667, 0.028356
678 ,1.748895 , 0.028363333
679 ,1.748652 ,0.028371 
680 ,1.748411 , 0.028378667
681 ,1.748171 ,0.028386 
682 ,1.747932 ,0.028394 
683 ,1.747695 ,0.028403 
684 , 1.747459,0.028411 
685 , 1.747225,0.028420 
686 , 1.746991667,0.028428 
687 ,1.746760 ,0.028437 
688 ,1.746529 ,0.028446 
689 , 1.746299667,0.028456 
690 ,1.746072 ,0.028465 
691 ,1.745845 , 0.028474667
692 , 1.745619333,0.028484 
693 ,1.745395 ,0.028494 
694 , 1.745171667, 0.028504333
695 ,1.744950 ,0.028514 
696 ,1.744729 , 0.028524667
697 , 1.744509667,0.028535 
698 ,1.744291 ,0.028546 
699 ,1.744074 , 0.028556667
700 , 1.743858,0.028568 
701 , 1.743643333,0.028579 
702 ,1.743429 , 0.028589667
703 ,1.743217 ,0.028601 
704 ,1.743006 ,0.028613 
705 ,1.742795 , 0.028624667
706 , 1.742585667,0.028636 
707 ,1.742378 ,0.028648 
708 ,1.742171 ,0.028661 
709 ,1.741964 ,0.028673 
710 ,1.741759 , 0.028685667
711 ,1.741555 ,0.028698 
712 ,1.741353 , 0.028710333
713 ,1.741151 ,0.028723 
714 ,1.740950 , 0.028736333
715 ,1.740750 ,0.028749 
716 ,1.740551 ,0.028763 
717 ,1.740353 ,0.028776 
718 ,1.740157 , 0.028789333
719 ,1.739961 ,0.028803 
720 ,1.739766 , 0.028816333
721 ,1.739572 ,0.028831 
722 ,1.739379 ,0.028844 
723 , 1.739187, 0.028858333
724 , 1.738996333,0.028873 
725 ,1.738806 ,0.028887 
726 , 1.738617, 0.028901667
727 , 1.738428333,0.028916 
728 ,1.738241 , 0.028930333
729 ,1.738055 ,0.028945 
730 ,1.737869 ,0.028960 
731 , 1.737684667,0.028975 
732 ,1.737501 ,0.028990 
733 ,1.737318 ,0.029006 
734 , 1.737136,0.029021 
735 , 1.736955, 0.029036333
736 , 1.736774667,0.029052 
737 ,1.736595 , 0.029067667
738 ,1.736417 ,0.029084 
739 , 1.736239,0.029099 
740 , 1.736062,0.029115 
741 , 1.735886,0.029132 
742 , 1.735711,0.029148 
743 , 1.735536333, 0.029164333
744 ,1.735363 ,0.029181 
745 , 1.73519,0.029197 
746 ,1.735018 , 0.029213333
747 ,1.734847 ,0.029231 
748 ,1.734676 ,0.029247 
749 ,1.734506 , 0.029264333
750 ,1.734338 ,0.029281 
751 ,1.734170 ,0.029298 
752 ,1.734002 ,0.029315 
753 , 1.733835667,0.029333 
754 ,1.733670 ,0.029350 
755 ,1.733504 ,0.029368 
756 ,1.733340 , 0.029385667
757 ,1.733177 ,0.029403 
758 ,1.733013 , 0.029421
759 ,1.732852 , 0.029438667
760 ,1.732690 ,0.029457 
761 ,1.732529 ,0.029475 
762 , 1.732369333, 0.029493333
763 ,1.732210 ,0.029511 
764 ,1.732051 , 0.029529333
765 , 1.731892667,0.029548 
766 ,1.731735 , 0.029566667
767 ,1.731579 ,0.029585 
768 , 1.731422667, 0.029603667
769 ,1.731268 ,0.029623 
770 ,1.731113 ,0.029641 
771 , 1.730959333,0.029660 
772 ,1.730806 ,0.029679 
773 ,1.730653 ,0.029698 
774 , 1.730501,0.029717 
775 , 1.73035,0.029737 
776 ,1.730199 ,0.029756 
777 , 1.730048667, 0.029775333
778 ,1.729899 ,0.029795 
779 , 1.729750333, 0.029814667
780 ,1.729602 ,0.029834 
781 , 1.729454333, 0.029853333
782 ,1.729308 ,0.029874 
783 ,1.729161 ,0.029893 
784 , 1.729015333,0.029913 
785 ,1.728870 ,0.029934 
786 ,1.728726 ,0.029953 
787 ,1.728581 ,0.029974 
788 ,1.728438 ,0.029994 
789 , 1.728295,0.030014 
790 , 1.728152667, 0.030034667
791 ,1.728011 ,0.030055 
792 , 1.72787, 0.030075667
793 ,1.727730 ,0.030096 
794 ,1.727589 , 0.030116667
795 ,1.727450 ,0.030138 
796 ,1.727311 ,0.030158 
797 ,1.727173 , 0.030179333
798 ,1.727035 ,0.030200 
799 , 1.726897667, 0.030221
800 ,1.726761 , 0.030242
801 ,1.726625 , 0.030263
802 ,1.726489 , 0.030284333
803 , 1.726353667,0.030306 
804 ,1.726219 ,0.030327 
805 ,1.726085 , 0.030348333
806 , 1.725951333,0.030370 
807 ,1.725818 ,0.030391 
808 ,1.725686 , 0.030413
809 ,1.725554 , 0.030434333
810 ,1.725422 ,0.030456 
811 , 1.725291,0.030478 
812 , 1.725160667, 0.030499333
813 ,1.725030 ,0.030522 
814 ,1.724901 ,0.030543 
815 , 1.724771667,0.030565 
816 ,1.724643 ,0.030587 
817 ,1.724515 ,0.030610 
818 ,1.724387 ,0.030632 
819 , 1.724260333,0.030654 
820 ,1.724134 , 0.030676333
821 ,1.724007 ,0.030699 
822 ,1.723882 ,0.030721 
823 ,1.723756 , 0.030743333
824 ,1.723632 ,0.030766 
825 ,1.723507 , 0.030788667
826 , 1.723382667,0.030811 
827 ,1.723260 , 0.030833667
828 ,1.723137 ,0.030857 
829 ,1.723014 ,0.030879 
830 , 1.722891667, 0.030902
831 ,1.722770 , 0.030924667
832 ,1.722649 ,0.030948 
833 ,1.722528 ,0.030971 
834 , 1.722407333, 0.030994
835 ,1.722288 , 0.031016667
836 ,1.722168 ,0.031040 
837 , 1.722048667,0.031063 
838 ,1.721930 ,0.031087 
839 ,1.721812 ,0.031110 
840 ,1.721694 ,0.031133 
841 ,1.721577 , 0.031156333
842 ,1.721459 ,0.031180 
843 ,1.721343 ,0.031203 
844 ,1.721226 ,0.031227 
845 ,1.721111 , 0.031250333
846 ,1.720995 ,0.031274 
847 , 1.720879667,0.031298 
848 ,1.720765 ,0.031322 
849 , 1.720650667,0.031345 
850 ,1.720537 ,0.031369 
851 , 1.720423333, 0.031393
852 ,1.720310 , 0.031416667
853 ,1.720198 ,0.031441 
854 ,1.720085 , 0.031464667
855 , 1.719973,0.031489 
856 , 1.719861333,0.031513 
857 ,1.719750 , 0.031537
858 ,1.719639 , 0.031561333
859 ,1.719529 ,0.031586 
860 ,1.719418 ,0.031610 
861 ,1.719309 ,0.031634 
862 , 1.719199333, 0.031658333
863 ,1.719090 ,0.031683 
864 ,1.718982 ,0.031707 
865 ,1.718873 ,0.031732 
866 , 1.718765,0.031756 
867 , 1.718657667,0.031781 
868 ,1.718550 ,0.031805 
869 ,1.718443 , 0.03183
870 ,1.718336 ,0.031855 
871 ,1.718230 ,0.031879 
872 ,1.718124 ,0.031904 
873 ,1.718019 , 0.031929
874 ,1.717913 , 0.031953667
875 ,1.717809 ,0.031979 
876 ,1.717704 ,0.032003 
877 ,1.717600 ,0.032028 
878 ,1.717496 ,0.032053 
879 ,1.717392 ,0.032079 
880 ,1.717289 ,0.032103 
881 ,1.717186 ,0.032128 
882 ,1.717083 ,0.032154 
883 , 1.716980667,0.032179 
884 ,1.716878 , 0.032204
885 ,1.716777 , 0.032229
886 ,1.716675 , 0.032254333
887 ,1.716574 ,0.032280 
888 ,1.716474 ,0.032305 
889 ,1.716373 , 0.032330667
890 , 1.716272667,0.032356 
891 ,1.716173 , 0.032381333
892 ,1.716074 ,0.032407 
893 ,1.715974 , 0.032432667
894 ,1.715875 ,0.032458 
895 , 1.715776667,0.032484 
896 ,1.715678 ,0.032509 
897 ,1.715580 ,0.032535 
898 ,1.715482 , 0.032560667
899 ,1.715385 ,0.032586 
900 , 1.715287667,0.032612 
901 ,1.715190 ,0.032638 
902 ,1.715094 , 0.032664
903 ,1.714997 , 0.032689667
904 ,1.714901 ,0.032716 
905 , 1.714805667,0.032742 
906 ,1.714710 ,0.032767 
907 ,1.714615 ,0.032793 
908 ,1.714520 ,0.032819 
909 ,1.714425 ,0.032846 
910 , 1.714330667,0.032872 
911 ,1.714236 , 0.032898
912 ,1.714142 , 0.032923667
913 ,1.714049 ,0.032950 
914 ,1.713955 ,0.032976 
915 ,1.713862 ,0.033003 
916 ,1.713769 ,0.033029 
917 ,1.713677 ,0.033055 
918 , 1.713584667,0.033082 
919 ,1.713492 ,0.033108 
920 ,1.713401 , 0.033134333
921 ,1.713309 ,0.033161 
922 ,1.713217 ,0.033187 
923 ,1.713127 , 0.033213667
924 ,1.713036 ,0.033240 
925 ,1.712945 ,0.033267 
926 ,1.712855 ,0.033293 
927 , 1.712764667,0.033320 
928 ,1.712675 ,0.033346 
929 , 1.712585667,0.033373 
930 ,1.712496 ,0.033400 
931 ,1.712407 ,0.033426 
932 , 1.712317667,0.033453 
933 ,1.712229 ,0.033480 
934 ,1.712141 ,0.033507 
935 , 1.712052667,0.033534 
936 ,1.711965 ,0.033561 
937 ,1.711877 ,0.033587 
938 , 1.711789667,0.033614 
939 ,1.711702 ,0.033641 
940 ,1.711616 ,0.033668 
941 ,1.711529 , 0.033695
942 ,1.711442 , 0.033722
943 ,1.711356 , 0.033749
944 , 1.711269667, 0.033776333
945 ,1.711184 ,0.033803 
946 , 1.711098333, 0.033830333
947 ,1.711013 ,0.033857 
948 , 1.710927667,0.033885 
949 ,1.710842 ,0.033912 
950 ,1.710758 ,0.033939 
951 ,1.710673 , 0.033966333
952 ,1.710589 ,0.033993 
953 , 1.710504667,0.034021 
954 ,1.710421 ,0.034048 
955 ,1.710337 , 0.034075333
956 , 1.710253333,0.034103 
957 ,1.710170 ,0.034130 
958 ,1.710087 ,0.034157 
959 ,1.710004 ,0.034185 
960 ,1.709922 ,0.034212 
961 ,1.709839 , 0.034239667
962 ,1.709757 ,0.034268 
963 ,1.709675 ,0.034295 
964 , 1.709592667, 0.034322333
965 ,1.709511 ,0.034350 
966 ,1.709430 ,0.034377 
967 ,1.709349 ,0.034405 
968 ,1.709267 ,0.034433 
969 ,1.709187 , 0.034460333
970 ,1.709106 ,0.034488 
971 ,1.709025 , 0.034515667
972 , 1.708944667,0.034544 
973 ,1.708864 ,0.034571 
974 ,1.708785 , 0.034599
975 , 1.708705, 0.034627
976 , 1.708625667, 0.034654667
977 ,1.708546 ,0.034682 
978 ,1.708467 ,0.034710 
979 , 1.708387667,0.034738 
980 ,1.708309 , 0.034766333
981 ,1.708231 ,0.034794 
982 ,1.708152 ,0.034822 
983 ,1.708074 , 0.034849667
984 , 1.707995667,0.034878 
985 ,1.707918 , 0.034905667
986 , 1.70784,0.034934 
987 ,1.707763 ,0.034962 
988 ,1.707685 ,0.034990 
989 ,1.707608 ,0.035018 
990 , 1.707531, 0.035046
991 , 1.707453667, 0.035074333
992 ,1.707377 ,0.035103 
993 ,1.707301 ,0.035130 
994 ,1.707224 ,0.035159 
995 ,1.707148 ,0.035187 
996 , 1.707072333, 0.035215333
997 ,1.706996 ,0.035244 
998 ,1.706921 ,0.035272 
999 ,1.706845 ,0.035300 
